2b91c84408e380cf9cbedbe901bef927	「思慮深い行為」で心に響く愛情を伝えるヒント
2b91c84408e3809395ebffe57feea9c9	「単純な愛情表現」：ハグ、キス、そして肯定的な言葉
2b91c84408e380cd9763c413d71d07eb	「奉仕行為」が響くパートナーへ！自発的な手助けのチカラ
22c1c84408e38133a310c3f919193c0d	10 なぜ二人の思い出は色褪せたのか？「悪い思い出」が示す危険なサイン
22c1c84408e381e68930dd6c718f3ddb	11 原則1「愛情マップを広げる」- パートナーの世界を知ることが全ての始まり
22c1c84408e381d3a583e86aeb15ef1d	12 原則2「優しさと称賛を育む」- 侮辱を打ち消す最強の解毒剤
22c1c84408e38199b6feff5ff9d85258	13 原則3「背を向けず、向き合う」- 日常の小さなやり取りが愛情を育む
22c1c84408e381059236f62cb3bb6fe0	14 原則4「パートナーの影響を受け入れる」- 幸福な結婚の81%を決定づける男性の役割
22c1c84408e3811cb3fcde4d22bf1b08	15 夫婦喧嘩の2つのタイプ：「解決可能な問題」と「永続的な問題」の見分け方
22c1c84408e381a09236eb90777d31ad	16-1 対立解決5ステップ①：議論の96%を決める「穏やかな始め方」の技術
22c1c84408e381c0becec831bd89be39	16-2 対立解決5ステップ②：炎上を止める緊急ブレーキ「修復の試み」
22c1c84408e381a49898e80f2bf0841b	17-1 対立解決5ステップ③：頭が真っ白になる「洪水状態」からの脱出法
22c1c84408e3815281abc1dbf4b2bcd6	17-2 対立解決5ステップ④：Win-Winを目指す最強の武器「二つの円」による妥協術
22c1c84408e381cdafffd978e1302645	17-3 対立解決5ステップ⑤：根深いしこりを解消する「感情的な傷の癒し方」
22c1c84408e381dca925dc76ed48b162	18-1 スマホが夫婦を分断する？デジタル時代の「テクノロジー・エチケット」
22c1c84408e381b28a4ee13dceaea1d2	18-2 夫婦関係を蝕むポルノの問題 - なぜ話し合う必要があるのか
22c1c84408e38186984cfc7209d3a50c	18-3 家庭を安らぎの場に！仕事のストレスを持ち帰らないための「ストレス軽減会話」
22c1c84408e381b697f0dccc0ddc2a2c	18-4 「夫は妻の味方」が鉄則！義理の家族問題から夫婦の絆を守る方法
22c1c84408e3810c8fc2fc08809bc49c	18-5 もうお金で喧嘩しない！夫婦で実践する家計管理と将来設計の3ステップ
22c1c84408e381ae9e38fa7857171b1f	18-6 「手伝う」ではダメ？夫の家事参加が夫婦関係を劇的に改善させる科学的理由
22c1c84408e381a38f83c28c83f644c0	18-7 セックスレスは解消できる！夫婦の親密さを取り戻す対話術とテクニック
22c1c84408e38167955acf21f4e025f7	21 終わらない夫婦喧嘩の正体は？対立の裏に隠された「夢」を乗り越える心理学
22c1c84408e38131bfe2e86f74ebceca	22 実践！行き詰まりを解消する「夢探偵」になるための対話法
22c1c84408e381b39117e81c289a637b	23 夫婦というチームの文化を育む：原則7「共通の意義を創造する」
22c1c84408e38164b117cada1427bb35	24 結婚生活を劇的に改善する「魔法の6時間」- 忙しい夫婦でもできる週6時間の投資
22c1c84408e381e48a34d1a9f0df2b65	25 より良い夫婦関係を築くための最後の秘訣：「自分自身を許すこと」
22c1c84408e381f68651ecc09950e6b8	3 不幸な結婚は病気のリスクを高める？心身の健康と夫婦関係の驚くべきつながり
22c1c84408e381d09db3ce886f04edbc	4 その常識は間違い？巷にあふれる「結婚の神話」
22c1c84408e381bfba73f1b00ab3ffb8	5 離婚は96%予測可能？夫婦の会話に潜む最初の危険サイン「きつい会話の切り出し」
22c1c84408e381eeba0ee6bbd4f6faee	6 関係を蝕む四騎士①：「批判」- あなたの不満はただの文句になっていませんか？
22c1c84408e381f49b4fee2d00667c74	7 関係を蝕む四騎士②：「侮辱」- 夫婦関係における最も有害な毒
22c1c84408e38103a7b5c4391765feb7	9 心が溺れる「洪水状態」とは？議論がヒートアップしたときの身体の危険信号
what-couples-really-need	カップルや夫婦に本当に必要なもの
2b91c84408e3801ea351d6216aeaabf1	パートナーの主要な愛の言語を知るための効果的な聞き方
2b91c84408e38045b30ef5d13089dfde	パートナーの満足度を高める「性的に私を喜ばせる行為」
2b91c84408e38011963df98337d76285	愛とは何ですか
2b91c84408e380c7b36ed108034d461a	愛のタンクを満たす：関係の質を劇的に高める方法
2c41c84408e380bb86c4d34b073dba4a	愛の段階
05090c857381478e8f41477ef4760537	愛の地図：結婚生活の成功と失敗を分ける要因
2b91c84408e380bf8025fa1569d2e9a5	愛情の伝わる「時間と注意力の投資」とは？
85fd71140af747c18cf4a2aef20a3998	感情的知性とは？関係にどう役立つ？
8d2b178c9c16448bb3b3d62ecedf5aef	結婚に関する誤解した考え方のリスト
2b91c84408e3804ebf08fb4aeaf3d8d5	自分の主要な愛の言語（5因子）を発見する方法
ca2bf11b676640e6ab878f6fededb7f4	修復：幸せなカップルの秘密兵器
8578a7b86d7b402b9a3fa970e2beeb3d	男性と女性は本当に異なる
8e00d7341426487d8f417de287779487	知識の力 結婚生活における「愛の地図」の重要性
1bda51a0ec7c4c59aba9ec80e185f8d1	黙示録の四騎士：軽蔑
83edc1bafcbe4c7eb8ad5b4947da3b26	黙示録の四騎士：自己弁護
c34bebebea724f6a982e6f8c0688921f	黙示録の四騎士：石壁
294a42bd377d4331bc3c04d039eeaacd	黙示録の四騎士：批判
040ae0fcc3f2474180831ef0837d5dc6	離婚を予測する方法？
